NO,테이블명_영문,테이블명_한글,도메인,세부그룹
1,CAM_CMPG_REACT,캠페인반응,캠페인/CRM,캠페인기본
2,CAP_INS_CR_LN_CLS,보험계약대출마감,계약/보험계약,일반계약
3,CAP_LN_CTM,대출고객,재무/정산,대출
4,CAP_LN_LDG,대출원장,재무/정산,대출
5,CAP_RV_LDG,수납원장,재무/정산,대출
6,CCM_CLM_CVR,사고담보,상품/담보,상품기본
7,CCM_CLM_RCP_NV,사고접수조사,사고/손해(클레임),사고접수/조사
8,CCM_FLT,과실,기타,-
9,CCM_PLN_MVO,현장물동,기타,-
10,CCM_PLN_RYLT_MSTR,자금결의서마스터,공통/마스터,공통기타
11,CLS_CR_CR_DMAMT_CLS,자동차발생손해액마감,계약/보험계약,자동차계약
12,CLS_CR_CR_PL,자동차약관설계,계약/보험계약,자동차계약
13,CLS_CR_PRM_DISS,자동차보험료분배,계약/보험계약,자동차계약
14,CLS_CR_RND_PRM_MMCLS,자동차경과보험료마감,계약/보험계약,자동차계약
15,CLS_CR_RNNWRT_CR,자동차갱신율계약,계약/보험계약,자동차계약
16,CLS_LTRM_MNRT,장기유사율,기타,-
17,CLS_NP_CR_NT,미지급발생이자,재무/정산,재무기타
18,CM_CMPG,CM캠페인,캠페인/CRM,캠페인기본
19,CM_CTMCL_WEB_INFLW_STS,CM고객별웹유입통계,기타,-
20,CM_EVENT_PT,CM이벤트점수,캠페인/CRM,CRM기타
21,CM_WEB_CNO_LOG,CM웹접속로그,캠페인/CRM,CRM기타
22,CM_WEB_CNO_STS,CM웹접속통계,캠페인/CRM,CRM기타
23,CNT_SFA_SP_STACT_CRR,SP표준활동이력,영업/채널(SFA),SFA기타
24,CNT_SMS_SND_LIST,SMS발송리스트,공통/마스터,공통기타
25,COM_CR_DCUNO,계약문서번호,공통/마스터,공통관리
26,COM_FR_LGIN_HMS_ADM,최초로그인시간관리,공통/마스터,공통관리
27,COM_PRNOT_ADM,출력물관리,공통/마스터,공통관리
28,CUS_BZ_FML_CTM,영업가족고객,고객,영업가족고객
29,CUS_BZ_FML_CTM_AD_INFO,영업가족고객추가정보,고객,영업가족고객
30,CUS_BZ_FML_CTM_ADR,영업가족고객주소,고객,영업가족고객
31,CUS_BZ_FML_CTM_CNTAD,영업가족고객연락처,고객,영업가족고객
32,CUS_BZ_FML_CTM_CNTAD_DB,영업가족고객연락처복본,고객,영업가족고객
33,CUS_BZ_FML_CTM_HHD,영업가족고객세대,고객,영업가족고객
34,CUS_BZ_FML_CTM_WST_PR,영업가족고객이력계정,고객,영업가족고객
35,CUS_BZ_FML_HHDMB_COP,영업가족세대원구성,고객,영업가족고객
36,CUS_CH_IT,변경항목,고객,고객기본정보
37,CUS_CNN_PLY,관련증권,고객,고객기본정보
38,CUS_CNS_SPC,상담내역,고객,고객상담/출력
39,CUS_CR_NCTLT_MAIL_RCV_AGRE,계약안내문매일수신동의,고객,고객동의/정보관리
40,CUS_CRDIS_DEADR_INFO,신용정보회사만자정보,고객,고객주소/연락처
41,CUS_CTM,고객,고객,고객기본정보
42,CUS_CTM_ADR_CRR,고객주소이력,고객,고객주소/연락처
43,CUS_CTM_CNO_INFO_ADM,고객접속정보관리,고객,고객기본정보
44,CUS_CTM_CNTAD,고객연락처,고객,고객연락처
45,CUS_CTM_CNTAD_ER_DJ,고객연락처유류대상,고객,고객연락처
46,CUS_CTM_INAGR_ADM_CRR,고객정보동의이력관리,고객,고객동의/정보관리
47,CUS_CTM_RMRK_SET,고객약관설계,고객,고객기본정보
48,CUS_CTM_INFO_INQ_LMIT_CRR,고객정보조회제한이력,고객,고객기본정보
49,CUS_CTM_INFO_JB_CRR,고객정보이력,고객,고객기본정보
50,CUS_CTM_REL,고객관계,고객,고객기본정보
51,CUS_CTM_CTMNM_CH_CRR,고객계약변경이력,고객,고객기본정보
52,CUS_ELEC_MDM_SS_AGRE,전자매체발동동의,기타,-
53,CUS_FN_CLM_ATPS,금융사고의자,사고/손해(클레임),사고접수/조사
54,CUS_JB,직업,기타,-
55,CUS_PRNOT_IS,출력물발급,공통/마스터,공통기타
56,CUS_PSN_CRDIF_UTAGR_CRR,개인신용정보활동동의이력,고객,고객동의/정보관리
57,CUS_PSN_CRDIF_INQ_DMISTR_NSCAN,개인신용정보조회미스터이력,고객,고객동의/정보관리
58,CUS_PSS_CTM_CRDIF_AGRE_CRR,가망고객신용정보동의이력,고객,고객동의/정보관리
59,CUS_PSTNO_BA_ADR,우편번호기본주소,고객,고객주소/연락처
60,CUS_PSTNO_BAADR_SCT_ID,우편번호기본주소구구ZID,고객,고객주소/연락처
61,CUS_PSTNO_RODNM_BA_ADR,우편번호도로명기본주소,고객,고객주소/연락처
62,CUS_RGS_DL_RST,등기처리결과,고객,고객기본정보
63,CUS_RGS_CR,리스트고객,고객,고객기본정보
64,DCL_LTINS_FIME_GOC,장기보험청조직정보봉계약그룹,조직/인사,조직기타
65,E_SFA_BZ_FML_CTM_AGR,영업가족고객정보동의,고객,영업가족고객
66,E_SFA_CMPG_CMP_OF_TRGT_CTM,캠페인사제공타겟고객,영업/채널(SFA),SFA캠페인
67,E_SFA_CMPG_TRGT_CND,캠페인타겟조건,영업/채널(SFA),SFA캠페인
68,E_SFA_CMPG_TRGT_CTM,캠페인타겟고객,영업/채널(SFA),SFA캠페인
69,E_SFA_CMPG_TRGT_GD,캠페인타겟상품,상품/담보,상품기본
70,E_SFA_CMPG_TRGT_LTRM_PL_LIST,캠페인타겟장기설계명세,영업/채널(SFA),SFA캠페인
71,E_SFA_CORE_CTM_CRST,핵심고객현황,영업/채널(SFA),고객SFA
72,E_SFA_CORE_CTM_PLY_LIST,핵심고객리스트,영업/채널(SFA),고객SFA
73,E_SFA_CR_INR_LTRM_SNG_CR,자동차통합장기단독계약,영업/채널(SFA),자동차SFA
74,E_SFA_CR_INR_TRGT_CTM,자동차통합타겟고객,영업/채널(SFA),자동차SFA
75,E_SFA_CR_INR_TRGT_CTM_WRK,자동차통합타겟고객,영업/채널(SFA),자동차SFA
76,E_SFA_CR_INR_TRGT_RNW_PRDN,자동차통합타겟갱신사전예측,영업/채널(SFA),자동차SFA
77,E_SFA_CR_LEVE_CR,자동차이탈계약,영업/채널(SFA),자동차SFA
78,E_SFA_CR_TRGT_CTM,자동차타겟고객,영업/채널(SFA),자동차SFA
79,E_SFA_CRM_LTRM_NRDPS,CRM장기피보험자,영업/채널(SFA),자동차SFA
80,E_SFA_CRM_TRGT_CTM_ANAL,CRM타겟고객분석,영업/채널(SFA),자동차SFA
81,E_SFA_CRP_CTM_INFO,법인고객정보,고객,고객기본정보
82,E_SFA_CTM_ACM_CVR,고객누적담보,상품/담보,담보
83,E_SFA_CTM_INFO,고객정보,고객,고객기본정보
84,E_SFA_CTM_INS_CR,고객계약예약,고객,고객기본정보
85,E_SFA_DALY_ESSN_TOU_CTM,데일리필수터치고객,영업/채널(SFA),SFA기타
86,E_SFA_IC_INV_MTHY_AV,소득면담별월실적,영업/채널(SFA),SFA기타
87,E_SFA_LTCR_RLTN_TRGT_CTM,장기자동차연계타겟고객,영업/채널(SFA),우수고객관리
88,E_SFA_LTCR_XLCL_CTM,장기우량고객,영업/채널(SFA),우수고객관리
89,E_SFA_REC_TRGT_CTM,추천타겟고객,영업/채널(SFA),SFA기타
90,E_SFA_TOU_TRGT_CTM,터치타겟고객,영업/채널(SFA),SFA기타
91,E_SFA_VIS_TOU_CMOTG_CTM,방문터치회사제공타겟고객,영업/채널(SFA),방문활동
92,E_SFA_VIS_TRGT_CTM,방문터치타겟고객,영업/채널(SFA),방문활동
93,FIN_ACC_LDG,계정원장,재무/정산,계정원장
94,FIN_BNC_DP_LDG,방카예금플랜,재무/정산,예금/방카
95,FIN_CRD_LDG,카드원장,재무/정산,카드원장
96,FIN_DP_LDG,예금원장,재무/정산,예금/방카
97,FIN_DT_ADM,연말일관리,재무/정산,재무기타
98,FIN_NP_ACC_LDG,미지금계정원장,재무/정산,재무기타
99,FIN_PRM_RV_SB,보험료수납대기,재무/정산,수입보험료/수납
100,FIN_PY_CR,지급발생,재무/정산,지급
101,FIN_PY_ST,지급정지,재무/정산,지급
102,FIN_SLP,전표,재무/정산,전표
103,FIN_SLP_SPC,전표내역,재무/정산,전표
104,GEA_ITM,품목,상품/담보,품목
105,IGD_ACM_RK,누적위험,상품/담보,상품기본
106,IGD_CLM_CVR,사고담보,상품/담보,상품기본
107,IGD_CLM_TP,사고유형,사고/손해(클레임),사고접수/조사
108,IGD_CLMCV_DSAS,사고담보장채명,상품/담보,상품기본
109,IGD_CR_ATR_META,계약속성정보메타,계약/보험계약,일반계약
110,IGD_CRDIS_CVR_MPP,신용정보원담보매핑,상품/담보,담보
111,IGD_CVR,담보,상품/담보,담보
112,IGD_GD,상품,상품/담보,상품기본
113,IGD_GD_AP_NC_MTT,상품적용앞일사항,상품/담보,상품기본
114,IGD_GD_CLM_CVR,상품사고담보,상품/담보,상품기본
115,IGD_GD_CLM_CVR_CCBSC,상품사고담보생산출관거,상품/담보,상품기본
116,IGD_GD_CSF,상품분류,상품/담보,상품기본
117,IGD_GD_CVR,상품담보,상품/담보,담보
118,IGD_GD_CVR_ACM_RK,상품담보누적위험,상품/담보,담보
119,IGD_GD_SI_CHN_REL,상품판매채널관계,상품/담보,상품기본
120,IGD_GD_SI_TRM,상품판매기간,상품/담보,상품기본
121,IGD_GD_US_ATR,상품사용속성,상품/담보,상품기본
122,IGD_INS_ITM_PST_CSF,보험종목소속분류,상품/담보,상품기본
123,IGD_INS_ITM_USE_CSF,보험종목사용도분류,상품/담보,상품기본
124,IGD_LTRM_CHC_RATIO,장기변동이율,상품/담보,장기상품
125,IGD_LTRM_CVR_RISK_CSF,장기담보리스크분류,상품/담보,담보
126,IGD_LTRM_FX_RATIO,장기고정이율,상품/담보,장기상품
127,IGD_LTRM_GD_RATIO_ADM,장기상품이율관리,상품/담보,장기상품
128,IGD_LTRM_MAIN_CVR_ATR,장기주요담보속성,상품/담보,담보
129,IGD_NC_MTT_QUSDC_IT,알림사항질문문서항목,기타,-
130,IGD_NC_MTT_QUIST_IT,알림사항질문항목,기타,-
131,IGD_NC_NLISR_ASSO_CVR_CN,손보협회담보내용,상품/담보,담보
132,IGD_RIS_GD_MPP,재가입상품샘플관리,상품/담보,상품기본
133,IGD_SIIS_TPCL_GD_ADM,간판고지유형별상품관리,상품/담보,상품기본
134,INS_AUTO_TF_RQ,자동이체신청,기타,-
135,INS_AUTO_TF_SCHD,자동이체일정,기타,-
136,INS_AUTO_TF_SPC,자동이체파회,기타,-
137,INS_AUTO_TRFRQ,배치관련업무,기타,-
138,INS_BATCH_BZDY,설계전달발생알림사항,기타,-
139,INS_BFPL_DSAS_NC_MTT,설계전달발생알림사항,기타,-
140,INS_BFPL_NC_MTT,설계전달알림사항,기타,-
141,INS_BN,업종,상품/담보,상품기본
142,INS_BSCRL_CLM_DA,업계사고자료,사고/손해(클레임),사고접수/조사
143,INS_CARG_NTN,착하국가,자동차보험,자동차기타
144,INS_CARG_NTN_CTY,착하국가도시,자동차보험,자동차기타
145,INS_CARNM_INFO,자동정보,자동차보험,자동차기타
146,INS_CLA_LN_AVAMT_CLC,약관대출가능금액산정,계약/보험계약,일반계약
147,INS_CM_MTD,수금방법,상품/담보,상품기본
148,INS_CMINS_CLM_CVR_CLS,일반보험계약담보마감,계약/보험계약,일반보험계약
149,INS_CMINS_INS_CR_CLG,일반보험계약담보산출,계약/보험계약,일반보험계약
150,INS_CMINS_INS_RE_CLS,일반보험재사고계약마감,계약/보험계약,일반보험계약
151,INS_CMINS_PTNTI_PF_DA,일반보험장재수익기조자료,계약/보험계약,일반보험계약
152,INS_CMPG_CR_INFO,캠페인계약정보,캠페인/CRM,캠페인기본
153,INS_CMPG_CTM_BJ,캠페인고객대상,캠페인/CRM,캠페인기본
154,INS_CMPG_RST,캠페인결과,캠페인/CRM,캠페인기본
155,INS_CONDT,공동인수,계약/보험계약,일반계약
156,INS_CR_AD_ATRVL,계약속성조건값,계약/보험계약,일반계약
157,INS_CR_ATND_RDCH_DT,계약의승한채세,계약/보험계약,일반계약
158,INS_CR_AD,보험계약보험자,계약/보험계약,일반계약
159,INS_CR_CR_INFO,계약자동처지정보,계약/보험계약,일반계약
160,INS_CR_DH_STF_CRR,계약담당직원이력,계약/보험계약,일반계약
161,INS_CR_INCM_PRM,자동차담보보유수입보험료,계약/보험계약,일반계약
162,INS_CR_MILXC_RST_INFO,계약하다리자청산관련정보,계약/보험계약,일반계약
163,INS_CR_NDS_DT,계약배서마감,계약/보험계약,일반계약
164,INS_CR_NDS_MSTR,계약배서마스터,계약/보험계약,일반계약
165,INS_CR_OI,승인,계약/보험계약,일반계약
166,INS_CR_PY_LMIT,계약지급제한,계약/보험계약,일반계약
167,INS_CR_RELPC_ADR_CRR,계약관계자주소이력,계약/보험계약,계약관계자
168,INS_CR_RELPC_REL,계약관계자관계,계약/보험계약,계약관계자
169,INS_CR_ADM,자동차계산관리,계약/보험계약,일반계약
170,INS_CR_RNW_ADM,자동이체자사용료,계약/보험계약,일반계약
171,INS_CR_SCP_RT,계약상담이력,계약/보험계약,일반계약
172,INS_CR_ST_CRR,계약상태이력,계약/보험계약,일반계약
173,INS_CR_UD4TK_ATPS,계약전달알림사항,계약/보험계약,일반계약
174,INS_CRBE_NC_MTT,계약전달알림사항,계약/보험계약,일반계약
175,INS_CRDIF_INQ_AGR_ADM,신용정보조회동의관리,기타,-
176,INS_CRDIS_CRDIF_DT,신용정보사신용정보발생세,기타,-
177,INS_CRDIS_OTCM_CRINF,신용정보원이자정보,기타,-
178,INS_CVR_AD_ATRVL,담보주기속성값,상품/담보,담보
179,INS_CVR_INCM_PRM,담보수입보험료,상품/담보,담보
180,INS_CVR_INCM_PRM_DISS,담보수입보험료분배,상품/담보,담보
181,INS_CVR_INCM_PRM_PYM_PR,담보수입보험납입예정,상품/담보,담보
182,INS_DCN_PRM,확정보험료,재무/정산,재무기타
183,INS_DMCY_IBNF_MMCLS,표면보험금마감,사고/손해(클레임),IBNR/준비금
184,INS_DVPNS_CR_RGT_ADM,개발원자동등록관리,기타,-
185,INS_DVPNS_RNWRT_DA,개발원갱신자동자료,기타,-
186,INS_DVPNS_TLM_INQ_ADM,개발원문의조회관리,기타,-
187,INS_DVPNS_US_OI_LOG,개발원이용문의적로그,기타,-
188,INS_EMEG_MVO_SRV,긴급동원서비스,기타,-
189,INS_GD_CE_PL,상품조건금,상품/담보,상품기본
190,INS_GD_CE_PL_CVR,상품조건담보,상품/담보,담보
191,INS_GD_CVRCL_CMN_INFO,상품담보공통정보,상품/담보,담보
192,INS_HGRK_GRP_BJ_CR,건강보험대상계약,기타,-
193,INS_HLT_INFO_DT_RST,IBN R,사고/손해(클레임),IBNR/준비금
194,INS_IBNR,IBNR,사고/손해(클레임),IBNR/준비금
195,INS_ICPS_CRINS_CLM,ICPS자동차사고,사고/손해(클레임),사고접수/조사
196,INS_ICPS_DT_INQ,ICPS사고조회,사고/손해(클레임),사고접수/조사
197,INS_ICPS_PY_DAT_INQ,ICPS자금데이터조회,사고/손해(클레임),지급/보험금
198,INS_IDM_BND,구상재권,사고/손해(클레임),지급/보험금
199,INS_INCM_PRM,수입보험료,재무/정산,수입보험료/수납
200,INS_INPRM_DH_STF,수입보험료담당직원,조직/인사,조직기타
201,INS_INS_CR,보험계약,계약/보험계약,일반계약
202,INS_INS_CR_BLD,보험계약건물,계약/보험계약,일반계약
203,INS_INS_CR_BLD_STR,보험계약건물구조,계약/보험계약,일반계약
204,INS_PL,보험설계,기타,-
205,INS_LTRM_CLG,장기산출,재무/정산,재무기타
206,INS_LTRM_DMCY_IBNF,장기표면보험금,사고/손해(클레임),사고접수/조사
207,INS_LTRM_LBTRS_ADM_ATR,장기대상적관리속성,기타,-
208,INS_LTRM_RDCH_CR,장기수령결과,기타,-
209,INS_MDCS_TRT_CR_INQ,의료비특약계약조회,기타,-
210,INS_MDCS_TRT_CVR_INFO,의료비특약담보정보,상품/담보,담보
211,INS_MW_WLAMT_SPY_RQ,중도인출금분할지급신청,재무/정산,재무기타
212,INS_NLISR_ASSO_TLM_INQ,손보협회전문상담문의,기타,-
213,INS_NRDPS_TISRD_ATR,피보험자보호자부자속성,기타,-
214,INS_OI_LCTN,목적물소재지,계약/보험계약,계약관계자
215,INS_OI_RELPC,목적물관계자,계약/보험계약,계약관계자
216,INS_PL_CR_INFO,설계자동차정보,상품/담보,설계상품
217,INS_PL_CVR,설계정보,상품/담보,담보
218,INS_PL_DH_STF,설계자금직원,상품/담보,설계상품
219,INS_PL_NRDPS_TISRD_ATR,설계피보험자부자속성,상품/담보,설계상품
220,INS_PL_OI_AD_ATRVL,설계목적물후가속성값,상품/담보,설계상품
221,INS_PL_PRM_PYM_PR,설계보험료납입예정,상품/담보,설계상품
222,INS_PL_RELPC,설계관계자,상품/담보,설계상품
223,INS_PL_ST_CRR,설계상태이력,상품/담보,설계상품
224,INS_PL_UDRTK_BLTGU_CN,설계인수지위해내용,상품/담보,설계상품
225,INS_PRM_PYM_PR,보험보험료납입예정,계약/보험계약,일반계약
226,INS_PY,지급,재무/정산,지급
227,INS_RINS_RK_NDX_CC,재보험자위험수산출,사고/손해(클레임),사고접수/조사
228,INS_RMIMC_CR_AV_CVR,실손의료비전환가능담보,상품/담보,담보
229,INS_RP_ADM,연수관리,기타,-
230,INS_RVL_ADM,부활관리,계약/보험계약,일반계약
231,INS_SPC_ADM_BJ,특별관리대상,계약/보험계약,일반계약
232,INS_TR_ARE,문송지역,기타,-
233,INS_UD,심사,사고/손해(클레임),심사
234,INS_UD_AS_CRR,심사물결이력,사고/손해(클레임),심사
235,INS_UD_CVR_CSF,심사담보분류,상품/담보,담보
236,INS_UD_CVR_CSF_REL,심사담보분류관계,상품/담보,담보
237,INS_UD_DSAS_CSF,심사담보분류,상품/담보,상품기본
238,INS_UD_DSAS_CSF_REL,심사방생보험분류관계,사고/손해(클레임),심사
239,INS_UD_GD_TPCL,심사상품유형,상품/담보,상품기본
240,INS_UD_GD_TPCL_REL,심사상품유형관계,상품/담보,상품기본
241,INS_UD_WRK_CRR,심사작업이력,사고/손해(클레임),심사
242,INS_UDRTK_XLCL_CTM_GRD,인수우량고객등급,사고/손해(클레임),심사
243,INS_UTATP,제지급대상,재무/정산,재무기타
244,INS_WHPY_BJ,정산통지관계자,재무/정산,재무기타
245,INS_XC_NT_RELPC,정산통지관계자,재무/정산,재무기타
246,LSE_CLM_NV,사고조사,사고/손해(클레임),사고접수/조사
247,LSE_CLM_RCP,사고접수,사고/손해(클레임),사고접수/조사
248,LSE_CLMPS,사고지,사고/손해(클레임),사고접수/조사
249,LSE_CVRCL_DM_RDE,담보별손해감정,상품/담보,담보
250,LSE_CLM_DGN,진단,사고/손해(클레임),사고접수/조사
251,LSE_HSP_PT_ADM,입원환자관리,사고/손해(클레임),사고접수/조사
252,LSE_OP,승인,사고/손해(클레임),사고접수/조사
253,LSE_OTCM_CR,사고계약,사고/손해(클레임),사고접수/조사
254,LSE_RD_TP_DM_RDE,감소유형별손해절감,사고/손해(클레임),사고접수/조사
255,LSE_RMDY_SPC,자료내역,기타,-
256,LSE_STD_DSAS_DERS_CSF,표준활동사례분류,사고/손해(클레임),사고접수/조사
257,LSE_SUM_QBSRT,환산장류을,사고/손해(클레임),사고접수/조사
258,LSE_XI_CC_CRR_INFO,주산지급계약정보,재무/정산,재무기타
259,LSE_XI_PY,주산지급,재무/정산,재무기타
260,LSE_XI_PY_SPC,주산지급내역,재무/정산,재무기타
261,LTRM_PRDT_GRD,장기생산성등급,조직/인사,조직기타
262,M_BIZ_GD_CSF_INFO,Biz상품분류정보,상품/담보,상품기본
263,M_BIZ_MTHY_MKTG_CHN_ORGN,Biz월별마케팅채널조직,캠페인/CRM,CRM기타
264,M_BIZ_MTHY_PS_CR,Biz월별보유고객,기타,-
265,M_CCR_CR_CR_CVR,자동차계약담보,계약/보험계약,일반계약
266,M_CCR_CR_CRCL_IRAMT_CR,자동차담당자부담부자동,자동차보험,자동차월별통계
267,M_CCR_CR_CVR_INCM_PRM,자동차담보수입보험료,상품/담보,담보
268,M_CCR_CR_DMGRT_CRST,자동차손해율현황,사고/손해(클레임),사고접수/조사
269,M_CCR_CR_INCM_PRM,자동차수입보험료,재무/정산,재무기타
270,M_CCR_CR_PY_IBNF,자동차지급보험금,사고/손해(클레임),사고접수/조사
271,M_CCR_CR_RNW_CT,자동차갱신건수,자동차보험,자동차월별통계
272,M_CCR_CR_RNWRT_ND_CR,자동차갱신대상미계약,자동차보험,자동차월별통계
273,M_CCR_CR_RNWRT_RNW_CR,자동차갱신대상계약,자동차보험,자동차월별통계
274,M_CCR_DYB_CRINS_STS_DA,일별자동차보험통계자료,자동차보험,자동차월별통계
275,M_CCR_FR_CR_INS_CR,일별자동차보험통계자료,자동차보험,자동차월별통계
276,M_CCR_FR_CRINS_STS_DA,통별자동차보험통계자료,자동차보험,자동차월별통계
277,M_CCR_MTHY_CR_INFO,월별자인수정보,자동차보험,자동차월별통계
278,M_CCR_MTHY_ONL_INS_CR,월별인수전자계약,자동차보험,자동차월별통계
279,M_CCR_MTHY_CRINS_STS_DA,월별자동차보험통계자료,자동차보험,자동차월별통계
280,M_CCR_MTHY_CR_INS_CR,월별자동차보험계약,계약/보험계약,일반계약
281,M_CMP_CR_CLM_CRST,자동차사고현황,사고/손해(클레임),사고접수/조사
282,M_CMP_CR_CLM_CR,자동차사고상담생활,사고/손해(클레임),사고접수/조사
283,M_CMP_CR_CMP_CR,자동차발생생활,자동차보험,자동차사고현황
284,M_CMP_CR_CMP_IMU,자동차발생적적,자동차보험,자동차사고현황
285,M_CMP_CR_CMP_MSTR,자동차발생마스터,공통/마스터,공통기타
286,M_CMP_CR_CMPG_CLM,자동차사고맵발생고건수,사고/손해(클레임),사고접수/조사
287,M_CMP_GN_CVRCL_PY_JBNF_LIST,일반담보지급보험금목록세,상품/담보,담보
288,M_CMP_GN_PY_IBNF_LIST,일반지급보험금목록세,사고/손해(클레임),지급/보험금
289,M_CMP_LSETM_DM_RD_XCPT_BJ,장기소손해액손해절감대상,사고/손해(클레임),사고접수/조사
290,M_CMP_LTRM_INIT_DM_PRVTN_CRST,장기부당보험방지현황,기타,-
291,M_CMS_BZ_ATR_TP_INFO,CMS캠페인대연속보성보유정보,캠페인/CRM,CMS캠페인
292,M_CMS_BZORG_CLS,CMS연속조직마감,캠페인/CRM,CMS캠페인
293,M_CMS_CGI_CTM_MPP,CMS캠페인고객매핑,캠페인/CRM,CMS캠페인
294,M_CMS_CMPG_ALLCT_CLS,CMS캠페인할담마감,캠페인/CRM,CMS캠페인
295,M_CMS_CMPG_CMN_ALLCT_CLS,CMS캠페인공통할당마감,캠페인/CRM,CMS캠페인
296,M_CMS_CMPG_CMN_AS_CLS,CMS캠페인공통배정마감,캠페인/CRM,CMS캠페인
297,M_CMS_CMPG_CMN_CNV_CLS,CMS캠페인공통전환마감,캠페인/CRM,CMS캠페인
298,M_CMS_CMPG_CMN_CR_AV_CLS,CMS캠페인공통계약성사마감,캠페인/CRM,CMS캠페인
299,M_CMS_CMPG_CMN_CVAV_CLS,CMS캠페인공통전환성사마감,캠페인/CRM,CMS캠페인
300,M_CMS_CMPG_CMN_GNANL_CLS,CMS캠페인공통보장분석마감,영업/채널(SFA),SFA기타
301,M_CMS_CMPG_CMN_PL_CLS,CMS캠페인공통설계마감,캠페인/CRM,CMS캠페인
302,M_CMS_CMPG_CMN_RY_CLS,CMS캠페인공통회수마감,캠페인/CRM,CMS캠페인
303,M_CMS_CMPG_CMN_VIS_CLS,CMS캠페인공통방문마감,캠페인/CRM,CMS캠페인
304,M_CMS_CMPG_DB_CRST,CMS캠페인DB현황,캠페인/CRM,CMS캠페인
305,M_CMS_CMPG_GNANL_CRST,CMS캠페인보장분석현황,영업/채널(SFA),SFA기타
306,M_CMS_CMPG_NDV_CVR_DT_INFO,캠페인인별담보상세정보,상품/담보,담보
307,M_CMS_CTM_CLS,CMS고객마감,캠페인/CRM,CMS캠페인
308,M_CMS_CTM_INFLW_CRST,CMS고객유입현황,캠페인/CRM,CMS캠페인
309,M_CMS_CTMCS,CMS고객전환,캠페인/CRM,CMS캠페인
310,M_CMS_CTMCS_CLS,CMS고객전환마감,캠페인/CRM,CMS캠페인
311,M_CMS_INW_CRT_CRST,CMS캠페인고객유입생성현황,캠페인/CRM,CMS캠페인
312,M_CMS_INR_CHN_CMPG_DB_CLS,통합채널캠페인DB마감,캠페인/CRM,CMS캠페인
313,M_CMS_LGSYS_CTM_CMS_MPP,기간계고객CMS매핑,캠페인/CRM,CMS캠페인
314,M_CMS_NW_SFP_CMPG_DB_CLS,신규SFP캠페인DB마감,영업/채널(SFA),SFA기타
315,M_CMS_NW_SFP_TRM_OUT_OU_AV,신규SFP캠페인DB마감,영업/채널(SFA),SFA기타
316,M_CMS_NW_SFP_TRM_OUT_OU_IF,신규SFP기간외성과추적,영업/채널(SFA),SFA기타
317,M_CMS_NW_SFP_TRM_OU_AV,신규SFP기간외성과실적,영업/채널(SFA),SFA기타
318,M_CMS_NW_SFP_TRMIN_OU_IF,신규SFP기간내성과추적,영업/채널(SFA),SFA기타
319,M_CMS_NW_TM_CMPG_DB_CLS,신규TM캠페인DB마감,캠페인/CRM,CMS캠페인
320,M_CMS_NW_TM_TRM_OUT_OU_AV,신규TM기간외성과실적,캠페인/CRM,CMS캠페인
321,M_CMS_NW_TM_TRM_OUT_OU_IF,신규TM기간외성과추적,캠페인/CRM,CMS캠페인
322,M_CMS_NW_TM_TRMIN_OU_AV,신규TM기간내성과실적,캠페인/CRM,CMS캠페인
323,M_CMS_NW_TM_TRMIN_OU_IF,신규TM기간내성과추적,캠페인/CRM,CMS캠페인
324,M_CMS_PLR_CLS,CMS설계자마감,상품/담보,상품기본
325,M_CMS_PREV_SFP_CMPG_DB_CLS,기존SFP캠페인DB마감,영업/채널(SFA),SFA기타
326,M_CMS_PREV_SFP_TRM_OUT_OU_AV,기존SFP기간외성과실적,영업/채널(SFA),SFA기타
327,M_CMS_PREV_SFP_TRM_OUT_OU_IF,기존SFP기간외성과추적,영업/채널(SFA),SFA기타
328,M_CMS_PREV_SFP_TRMIN_OU_AV,기존SFP기간내성과실적,영업/채널(SFA),SFA기타
329,M_CMS_PREV_TM_TRM_OU_IF,기존TM기간내성과추적,캠페인/CRM,CMS캠페인
330,M_CMS_PREV_TM_CMPG_DB_CLS,기존TM캠페인DB마감,캠페인/CRM,CMS캠페인
331,M_CMS_PREV_TM_TRM_OUT_OU_AV,기존TM기간외성과실적,캠페인/CRM,CMS캠페인
332,M_CMS_PREV_TM_TRM_OUT_OU_IF,기존TM기간외성과추적,캠페인/CRM,CMS캠페인
333,M_CMS_PREV_TM_TRMIN_OU_AV,기존TM기간내성과실적,캠페인/CRM,CMS캠페인
334,M_CMS_PREV_TM_TRMIN_OU_IF,기존TM기간내성과추적,캠페인/CRM,CMS캠페인
335,M_CMS_PSS_CTM_CMS_MPP,가망고객CMS매핑,캠페인/CRM,CMS캠페인
336,M_CMS_SFP_CTM_CMS_MPP,SFP고객CMS매핑,영업/채널(SFA),SFA기타
337,M_CMS_TM_CTM_CMS_MPP,TM고객CMS매핑,캠페인/CRM,CMS캠페인
338,M_CMS_TRGT_CTMCS,CMS타겟고객전환,캠페인/CRM,CMS캠페인
339,M_COD_YYMM,년월,기타,-
340,M_CRM_BDL_BJ_CTM_ACT_LIST,일괄담당고객활동리스트,캠페인/CRM,CRM기타
341,M_CRM_BDL_BJ_CTM_LIST,일괄담당고객리스트,캠페인/CRM,CRM기타
342,M_CRM_CMPG_TRGT_ORNCL_LTRM_CC_CRST,캠페인타겟기반장기계결현황,캠페인/CRM,CRM캠페인
343,M_CRM_CMPG_TRGT_CTM_CRST,캠페인타겟고객현황,캠페인/CRM,CRM캠페인
344,M_CRM_CR_INR_NRDPS_DMGRT_CR,자동차피보험자손해율계약,사고/손해(클레임),사고접수/조사
345,M_CRM_CR_NRDPS_DMGRT_CR,자동차피보험자손해율계약,사고/손해(클레임),사고접수/조사
346,M_CRM_CR_RNWRT_NW_CR,자동차갱신관리계약,캠페인/CRM,CRM계약관리
347,M_CRM_CTM_INFO_CR_LIST,CRM고객계약리스트,고객,고객기본정보
348,M_CRM_CTM_INFO_CVR_LIST,CRM고객계약담보리스트,고객,고객기본정보
349,M_CRM_CTM_INFO_PS_CTM,CRM고객정보부리스트,고객,고객기본정보
350,M_CRM_CTM_MCLI_HLPRM_JS_AVYN_LIST,고객별건강보험가입가능여부리스트,캠페인/CRM,CRM기타
351,M_CRM_DALY_ESSN_TOU_CTM_CRST,데일리필수터치고객현황,캠페인/CRM,CRM기타
352,M_CRM_DYB_XLCL_BZ_FML_CTM_ADM,일별우수영업가족고객관리,고객,영업가족고객
353,M_GD_CSF_INFO,상품분류정보,상품/담보,상품기본
354,M_GD_CSFCL_JS_CTM_CRST,상품분류별가입고객현황,상품/담보,상품기본
355,M_CRM_HWRT_MBR_GRDCL_PS_CTM_CR,HWRT등급별보유실적고객현황,캠페인/CRM,CRM기타
356,M_CRM_IC_GRD_AMSVG_ST_STS,소득신용등급기준통계,캠페인/CRM,CRM기타
357,M_CRM_IC_CRD_GRID_ST_STS,소득신용등급기준통계,캠페인/CRM,CRM기타
358,M_CRM_IC_CRD_PSTNO_ST_STS,소득신용등급우편번호기준통계,캠페인/CRM,CRM기타
359,M_CRM_IC_SCTCL_PS_CTM_CRST,소득구간별보유고객현황,캠페인/CRM,CRM기타
360,M_CRM_LEVE_PRDN_MODL,CRM이탈예측,캠페인/CRM,CRM기타
361,M_CRM_LTRM_SEQCL_MNRT_CR,장기회사별물지물계약,캠페인/CRM,CRM기타
362,M_CRM_MMTCL_PS_CTM_CLS,자사별보유고객마감,캠페인/CRM,CRM기타
363,M_CRM_MTHY_ATND_CTM,월별유지고객,캠페인/CRM,CRM월별통계
364,M_CRM_MTHY_CTM_ACT_SPC,월별고객활동내역,캠페인/CRM,CRM월별통계
365,M_CRM_MTHY_CTM_CMP_CRST,월별고객보상현황,캠페인/CRM,CRM월별통계
366,M_CRM_MTHY_CTM_CNTRT_CRST,월별계약현황,캠페인/CRM,CRM월별통계
367,M_CRM_MTHY_CTM_PRSN_CRST_WRK,월별고객인원현황,캠페인/CRM,CRM월별통계
368,M_CRM_MTHY_CTM_PS_CR,월별계약파직원현황,캠페인/CRM,CRM월별통계
369,M_CRM_MTHY_FP_INFO,월별정보,캠페인/CRM,CRM월별통계
370,M_CRM_MTHY_HHD_RGT_CRST,월별세대타겟현황,캠페인/CRM,CRM월별통계
371,M_CRM_MTHY_HHD_TRGT_LIST,월별세대타겟리스트,캠페인/CRM,CRM월별통계
372,M_CRM_MTHY_HHDMB_LIST,월별세대원리스트,캠페인/CRM,CRM월별통계
373,M_CRM_MTHY_JSPL_LIST,월별가입설계리스트,캠페인/CRM,CRM월별통계
374,M_CRM_MTHY_LEVE_CR,월별이탈계약,캠페인/CRM,CRM월별통계
375,M_CRM_MTHY_LEVE_CR_GRD_LIST,월별이탈계약등급목록세,캠페인/CRM,CRM월별통계
376,M_CRM_MTHY_LEVE_CR_PRDN_LIST,월별이탈계약예측목록세,캠페인/CRM,CRM월별통계
377,M_CRM_MTHY_MKTG_CHN_ORGN,월별마케팅채널조직,캠페인/CRM,CRM월별통계
378,M_CRM_MTHY_PS_CR,월별보유계약,캠페인/CRM,CRM월별통계
379,M_CRM_MTHY_PSN_CTM_INFO,월별인고객정보,고객,고객기본정보
380,M_CRM_ORNCL_INFLW_CTM,조직별유입고객,캠페인/CRM,CRM조직별
381,M_CRM_ORNCL_LEVE_CTM,조직별이탈고객,캠페인/CRM,CRM조직별
382,M_CRM_ORNCL_LEVE_AD_IS_CTM,조직별이탈추가입고객,캠페인/CRM,CRM조직별
383,M_CRM_ORNCL_PS_CTM,조직별보유고객,캠페인/CRM,CRM조직별
384,M_CRM_ORNCL_PS_CTM_CRST,조직별보유고객현황,캠페인/CRM,CRM조직별
385,M_CRM_PRIO_ACES_CTM_CRST,우선접근고객현황,캠페인/CRM,CRM기타
386,M_CRM_PRIO_ACES_CTM_PNT_BJ,우선접근고객포인트대상,캠페인/CRM,CRM기타
387,M_CRM_PS_CR_CTM,보유약관고객,상품/담보,상품기본
388,M_CRM_PSS_CTM_ACT_CRST,가망고객현황,캠페인/CRM,CRM기타
389,M_CRM_PSS_CTM_TRGT_LIST,가망고객타겟리스트,캠페인/CRM,CRM기타
390,M_CRM_REACT_INFO_ANAL_ACT_CRST,반응정보분석활동현황,캠페인/CRM,CRM기타
391,M_CRM_REACT_INFO_ANAL_CRST,반응정보분석현황,캠페인/CRM,CRM기타
392,M_CRM_REACT_INFO_ANAL_LIST,반응정보분석리스트,캠페인/CRM,CRM기타
393,M_CRM_REC_TRGT_CTM_CRST,추천타겟고객현황,캠페인/CRM,CRM기타
394,M_CRM_SCTCL_CTM_ACT,가망고객활동,캠페인/CRM,CRM기타
395,M_CRM_SFA_PSS_CTM_ADM,CRM가망고객관리,영업/채널(SFA),가망고객관리
396,M_CRM_XLCL_CTM_ADM,우수영업가족고객관리,고객,고객기본정보
397,M_CUS_CTM_BZPS,고객자사,고객,고객기본정보
398,M_CUS_CTM_CNTAD,고객연락처,고객,고객연락처
399,M_CUS_CTM_RSO_CSF,고객주분류,고객,고객기본정보
400,M_ERL_LTRM_CLM_MTT,장기사고명세,사고/손해(클레임),사고접수/조사
401,M_ERL_LTRM_CR_MTT,장기계약명세,계약/보험계약,장기계약
402,M_FCR_CMINS_CR,일반보험계약,계약/보험계약,일반보험계약
403,M_FCR_GN_INCM_PRM,일반수입보험료,재무/정산,재무기타
404,M_FCR_MTHY_GN_INS_CR,월별일반보험계약,계약/보험계약,일반계약
405,M_FCR_GN_CVRCL_PFT_INDEX,일반상품담보별수익성지표,상품/담보,담보
406,M_LCR_IBNR_LTRM_DMGRT_RND,IBNR기손해율라운드,사고/손해(클레임),IBNR/준비금
407,M_LCR_LTINS_CR,장기계약관리,계약/보험계약,일반계약
408,M_LCR_LTRM_ADM_ATRCL_LIST,장기보험관리속성별리스트,기타,-
409,M_LCR_LTRM_CCL_WDR_CR,장기계좌해약계약,기타,-
410,M_LCR_LTRM_CR_CVR,장기계약담보,계약/보험계약,장기계약
411,M_LCR_LTRM_CR_UDRTK_JG_LIST,장기계약인수정역명세,계약/보험계약,장기계약
412,M_LCR_LTRM_CRDIS_RLPMI_MD_JS_INI,장기신용정보원발실손의보가입정보,계약/보험계약,장기계약
413,M_LCR_LTRM_DMGRT_CR,장기담당보발생,기타,-
414,M_LCR_LTRM_DMGRT_RND,장기손해율라운드,사고/손해(클레임),사고접수/조사
415,M_LCR_LTRM_INCM_PRM,장기수입보험료,재무/정산,재무기타
416,M_LCR_LTRM_RNWS_CVR_INPRM,장기갱신담보보수입보험료,상품/담보,담보
417,M_LCR_LTRM_NWCR_LIST,장기신계약명세,기타,-
418,M_LCR_LTRM_RDCH_CR_LIST,장기수령결과명세,기타,-
419,M_LCR_LTRM_CVR_INPRM,장기담보수입보험료,상품/담보,담보
420,M_LCR_LTRM_UD_CRDIS_PY_DT,장기사사신청지급금세,재무/정산,재무기타
421,M_LCR_LTRM_STS_BA_DA,장기심사통계기초자료,사고/손해(클레임),사고접수/조사
422,M_LCR_LTRM_LTINS_CR,월별장기보험계약,계약/보험계약,장기계약
423,M_LCR_MTHY_LTRM_CR_CVR,월별장기계약담보,계약/보험계약,장기계약
424,M_LCR_MTHY_PS_CR_CRST,월별보유고객현황,기타,-
425,M_LCR_RDCH_CR,승환계약,기타,-
426,M_LCR_RV_CR_CRST,부활계약현황,기타,-
427,M_LWT_DM_RD_RPTG_LIST,손해감소보고서명세,사고/손해(클레임),사고접수/조사
428,M_OLP_BZFML_DYB_PRSN_CRST,영업가족일별인원현황,조직/인사,영업가족인원
429,M_OLP_BZFML_MTHY_PRSN_CRST,영업가족월별인원현황,조직/인사,영업가족인원
430,M_OLP_OFFC_MTHY_BZFML_PRSN_CRST,점포활동별영업가족직원현황,조직/인사,영업가족인원
431,M_ORG_BZ_ORGN,영업조직,조직/인사,조직/기관
432,M_ORG_MTHY_BZ_ORGN,월별영업조직,조직/인사,조직/기관
433,M_ORG_ORG_LVL,기관레벨,조직/인사,조직/기관
434,M_ORG_ORG_ORDR,기관순서,조직/인사,조직/기관
435,M_ORG_STGY_BZ_ORGN,전략영업조직,조직/인사,조직/기관
436,M_SFA_ANAL_STS_ANAL_CRST,활동통계분석현황,영업/채널(SFA),SFA기타
437,M_SAM_BZ_FML_ACHV,영업가족실적,조직/인사,영업가족인원
438,M_SAM_BZ_FML_AW,영업가족수당,조직/인사,영업가족인원
439,M_SAM_BZ_FML_IC_CRST,영업가족수당현황,조직/인사,영업가족인원
440,M_SAM_BZFML_LIST,영업가족명세,조직/인사,조직기타
441,M_SAM_BZFML_PRDT_GRD_CRST,영업가족생산성등급현황,조직/인사,조직기타
442,M_SAM_CORE_CTM_LIST,CRM핵심고객리스트,캠페인/CRM,CRM기타
443,M_SAM_CRM_CTM_ADM_INDEX,CRM고객관리지표,캠페인/CRM,CRM기타
444,M_SAM_CRM_CTM_ADM_INDEX_DT,CRM고객관리지표상세,캠페인/CRM,CRM기타
445,M_SAM_DYB_BZFML_PRSN_CRST,일별영업가족인원현황,조직/인사,영업가족인원
446,M_SAM_FP_GNRZ_ADM,FP홈합관리,영업/채널(SFA),SFA기타
447,M_SAM_FP_STD_ACT_CRST,FP표준활동현황,영업/채널(SFA),SFA기타
448,M_SAM_GA_LNWCR_LIST,GA장기신계약명세,영업/채널(SFA),SFA기타
449,M_SAM_GA_STF_SRTR_ORGN,GA직원구조직,영업/채널(SFA),SFA기타
450,M_SAM_GN_RV,일반수납,조직/인사,조직기타
451,M_SAM_INT_PSS_CTM_LIST,소개가망고객명세,캠페인/CRM,CRM기타
452,M_SAM_INT_PRG_PRSN_CRST,도입진행원인원현황,조직/인사,조직기타
453,M_SAM_LNWCR_LIST,장기신계약명세,조직/인사,실적/수입보험료
454,M_SAM_LTRM_DMGRT_CRST,장기손해율현황,사고/손해(클레임),사고접수/조사
455,M_SAM_LTRM_NTOU_CTM_LIST,장기미터치고객리스트,조직/인사,조직기타
456,M_SAM_MKTG_CHN_ORGN,마케팅채널조직,조직/인사,조직기타
457,M_SAM_NW_ACT_ADM_VL_GD_CSF,신인활동통계관리평가상품분류,상품/담보,상품기본
458,M_SAM_ORNNMA,기관명,조직/인사,조직기타
459,M_SAM_PLZ_BZ_AV_CRST,트라지영업실적현황,조직/인사,조직기타
460,M_SAM_PSN_BZ_ORGN_INDEX,개인영업조직지표,조직/인사,조직기타
461,M_SAM_RPBL_APD_ADM_LIST,책임일확관리명세,조직/인사,조직기타
462,M_SAM_SFP_CR_CTM_CRCC_CRST,SFP DB고객계약제결현황,고객,고객기본정보
463,M_SAM_SFP_DB_CTM_CRCC_CRST,SFP DB고객계약제결현황,고객,고객기본정보
464,M_SAM_STF_CNTAD,직원연락처,조직/인사,직원
465,M_SAM_STF_SRTR_ORGN,직원구조직,조직/인사,직원
466,M_SAM_STYRT_RNMSY_CRST,정착률실명세현황,조직/인사,조직기타
467,M_SAM_STF_SRTR_ORGN,작원구조,조직/인사,직원
468,M_SAM_USR_AV_CRST,사용인실현황,조직/인사,조직기타
469,M_SAM_VL_WKDGR_ADM,W관리주자관리,조직/인사,조직기타
470,M_SFA_DALY_ESSN_TOU_TRGT_CRST,데일리필수터치타겟현황,영업/채널(SFA),SFA기타
471,M_SUS_ITIN_ADM_CTM_DMGRT,기기보유고객손해율,사고/손해(클레임),사고접수/조사
472,M_TM_CR_POM_CTM_LIST,자동POM고객리스트,기타,-
473,M_TM_LTRM_POM_CTM_LIST,자동POM고객리스트,기타,-
474,ORGN_LVL,조직레벨,조직/인사,조직/기관
475,SAM_ADP_ATPS,채용대상,조직/인사,채용/대리점
476,SAM_ADP_BJPS,채용대상,조직/인사,채용/대리점
477,SAM_AGY_CHRPS_ADM,대리점채용인사관리,조직/인사,채용/대리점
478,SAM_ASSO_INQ_REPLY_MTT,협회조회답보사항,조직/인사,조직기타
479,SAM_AW_CC_ACHV,수당산출실적,조직/인사,수당/급여
480,SAM_AW_CC_ACHV_STF,수당산출실적직원,조직/인사,수당/급여
481,SAM_BZ_CLS_DT,영업마감일자,조직/인사,조직기타
482,SAM_CSCL_AW_PY_BJ_STF,최수당지급대상직원,조직/인사,수당/급여
483,SAM_CSCL_AW_PY_BJ_STF,건물비비례수수납지급내역,조직/인사,수당/급여
484,SAM_CSCL_NPRPN_AW_PY_SPC,건물비비례수수납지급내역,조직/인사,수당/급여
485,SAM_EDU_NTD,교육이력,조직/인사,교육/자격
486,SAM_INCM_PRM_BZ_AV,수입보험료영업실적,조직/인사,실적/수입보험료
487,SAM_NTP_BZ_GDS_PFTRT,기관영업상품별이익률,상품/담보,상품기본
488,SAM_NTP_BZ_GDS_PFTRT,기관영업상품별이익율,상품/담보,상품기본
489,SAM_ORG_ADR_CRR,기관주소이력,조직/인사,조직/기관
490,SAM_ORG_ADR_CRR,기관주소이력,조직/인사,조직/기관
491,SAM_ORG_ATR_CH_CRR,기관속성변경이력,조직/인사,조직/기관
492,SAM_ORG_STR_CRR,기관구조이력,조직/인사,조직/기관
493,SAM_ORG_TLNO,기관전화번호,조직/인사,조직/기관
494,SAM_PF_CV_ACHV_CC_BSC,우대활성실적산출근거,조직/인사,조직기타
495,SAM_QUF_MTT,자격사항,조직/인사,교육/자격
496,SAM_RWPN_SPC,상벌내역,조직/인사,조직기타
497,SAM_STF,직원,조직/인사,직원
498,SAM_STF_ADDR,직원주소,조직/인사,직원
499,SAM_STF_CNTAD,직원연락처,조직/인사,직원
500,SAM_STF_PAFF_CRR,직원사이력,조직/인사,직원
501,SAM_STY_SUPT_CM,정착지원수수료,조직/인사,조직기타
502,SFA_BDL_BEFO_RQ_LIST,일괄사전신청리스트,영업/채널(SFA),SFA기타
503,SFA_BDL_BJ_CTM_LIST,일괄대상고객리스트,영업/채널(SFA),SFA기타
504,SFA_BDL_BJ_DM_SND_YN,일괄대상DM발송여부,영업/채널(SFA),SFA기타
505,SFA_BDL_BJ_CTM_ADR_CH,일괄대상고객주소변경,고객,고객주소/연락처
506,SFA_BZ_FML_CTM_AGR,영업가족고객동의,고객,영업가족고객
507,SFA_CMPG_ACT,캠페인활동,영업/채널(SFA),SFA캠페인
508,SFA_CMPG_BZ_TR_CTM,캠페인고객타겟고객,영업/채널(SFA),SFA캠페인
509,SFA_CMPG_CNTTS_COP_CN,캠페인 컨텐츠 구성 내용,영업/채널(SFA),SFA캠페인
510,SFA_CMPG_CNTTS_SCORE_ST,캠페인 컨텐츠 스코어 기준,영업/채널(SFA),SFA캠페인
511,SFA_CMPG_DM_SND_GD,캠페인DM발송상품,상품/담보,상품기본
512,SFA_CMPG_INFO,캠페인정보,영업/채널(SFA),SFA캠페인
513,SFA_CMPG_PRIO_TRGT_CTM,캠페인우선타겟고객,영업/채널(SFA),SFA캠페인
514,SFA_CMPG_SELF_TRGT_CTM,캠페인본인타겟고객,영업/채널(SFA),SFA캠페인
515,SFA_CMPG_TRGT_CND,캠페인타겟조건,영업/채널(SFA),SFA캠페인
516,SFA_CMPG_TRGT_CTM,캠페인타겟고객,영업/채널(SFA),SFA캠페인
517,SFA_CMPG_CTM_XCPT,캠페인타겟고객,영업/채널(SFA),SFA캠페인
518,SFA_CMPG_ONL_INP_CTM,캠페인온라인입력고객,영업/채널(SFA),SFA캠페인
519,SFA_CMPG_PS_CR,캠페인보유계약,영업/채널(SFA),SFA캠페인
520,SFA_CMPG_VIS_ACT,캠페인방문활동,영업/채널(SFA),SFA캠페인
521,SFA_CMPG_VIS_ACT_INT_CTM,캠페인방문활동소개고객,영업/채널(SFA),SFA캠페인
522,SFA_CR_ND_LIST,자동자가명세,영업/채널(SFA),SFA기타
523,SFA_CR_OTCM_ND,자동자사만기,영업/채널(SFA),SFA기타
524,SFA_CR_TA_CRST,계약이관현황,영업/채널(SFA),SFA기타
525,SFA_DALY_ESSN_TOU_NTTLK,Daily필수터치알림톡,영업/채널(SFA),SFA기타
526,SFA_DALY_ESSN_TOU_TP,Daily필수터치유형,영업/채널(SFA),SFA기타
527,SFA_DM_SND_ENTP_TS,DM발송업무전송,영업/채널(SFA),DM발송
528,SFA_DM_SND_LMIT_ADM,DM발송제한관리,영업/채널(SFA),DM발송
529,SFA_DM_SNDER_ER_ADR,DM발송오류주소,영업/채널(SFA),DM발송
530,SFA_DM_SNDER_ER_DT,DM발송오류상세,영업/채널(SFA),DM발송
531,SFA_GNANL_BA,보장분석기본,영업/채널(SFA),보장분석
532,SFA_GNANL_CCAMT_OUT,보장분석산출금액출력,영업/채널(SFA),보장분석
533,SFA_GNANL_CTM,보장분석고객,영업/채널(SFA),보장분석
534,SFA_GNANL_CVR,보장분석담보,상품/담보,담보
535,SFA_GNANL_GD_CVR_CC,보장분석상품담보보산출,상품/담보,담보
536,SFA_GNANL_GD_CVR_PL,보장분석상품담보보설계,상품/담보,담보
537,SFA_GNANL_GD_PL,보장분석상품설계,상품/담보,상품기본
538,SFA_GNANL_PL,보장분석설계,영업/채널(SFA),보장분석
539,SFA_GNANL_SND_SRV_LOG,보장분석발송서비스로그,영업/채널(SFA),보장분석
540,SFA_HHDCL_TRGT_CTM,세대별타겟고객,영업/채널(SFA),SFA기타
541,SFA_INC_NWFAC_CTM,재직신인고객,영업/채널(SFA),SFA기타
542,SFA_INCPL_SL_OWN_DGNIT,불완전판매자가진단항목,사고/손해(클레임),사고접수/조사
543,SFA_ITIN_ADM_SND_RQ,여정관리발송신청관리,영업/채널(SFA),여정관리
544,SFA_ITIN_ADM_SND_RQ_RSV,여정관리발송신청예약,영업/채널(SFA),여정관리
545,SFA_MENU_CNO_CRR_ADM,메뉴접속이력관리,영업/채널(SFA),SFA기타
546,SFA_MOBI_DM_SND_TLM,모바일DM발송전문,영업/채널(SFA),SFA기타
547,SFA_NTTLK_SND_BJ,알림특별발송대상,영업/채널(SFA),SFA기타
548,SFA_NWFAC_SND_GNAMT_MODL,최전본정갱신대모델,영업/채널(SFA),SFA기타
549,SFA_ORGN_BFDY_INFO,조직전일정보,영업/채널(SFA),SFA기타
550,SFA_OPTM_IS_CT,타사가입대수,영업/채널(SFA),SFA기타
551,SFA_OTCM_IS_CT,완전판매유계약,영업/채널(SFA),SFA기타
552,SFA_PECT_SL_ATND_CR,보유고객조회로그,영업/채널(SFA),SFA기타
553,SFA_PSCTM_INQ_LOG,보유고객조회로그,영업/채널(SFA),SFA기타
554,SFA_PSS_CTM_ACT,가망고객활동,영업/채널(SFA),가망고객관리
555,SFA_PSS_CTM_ACT_BJ,가망고객활동대상,영업/채널(SFA),가망고객관리
556,SFA_PSS_CTM_ACT_CSF,가망고객활동분류,영업/채널(SFA),가망고객관리
557,SFA_REACT_INFO_LOG,반응정보로그,영업/채널(SFA),SFA기타
558,SFA_REC_TRGT,추천타겟,영업/채널(SFA),SFA기타
559,SFA_RLTN_TRGT_ONL_INP,연계타겟온라인입력,영업/채널(SFA),SFA기타
560,SFA_SCR_US_LOG,화면사용로그,영업/채널(SFA),SFA기타
561,SFA_SCRP_CTM_AGRE_CRR,스크래핑고객동의이력,영업/채널(SFA),SFA기타
562,SFA_SCRP_CTM_BA,스크래핑고객기본,영업/채널(SFA),SFA기타
563,SFA_SELF_ACT_BJ_CTM,본인활동대상고객,영업/채널(SFA),SFA기타
564,SFA_SFP_COOP_PLAC,SFP제휴,영업/채널(SFA),SFP관리
565,SFA_SFP_CTM,SFP고객,영업/채널(SFA),SFP관리
566,SFA_SFP_CTM_CALL_LOG,SFP고객콜로그,영업/채널(SFA),SFP관리
567,SFA_SFP_CTM_CNTRT,SFP고객접촉,영업/채널(SFA),SFP관리
568,SFA_SFP_CTM_CNTRT_CRR,SFP고객접촉이력,영업/채널(SFA),SFP관리
569,SFA_SFP_CTM_CRDIU_AGRE,SFP고객신용정보활동동의,고객,고객동의/정보관리
570,SFA_SFP_INFLW,SFP유입,영업/채널(SFA),SFP관리
571,SFA_SFP_LGIN_CRST,SFP관련도고인현황,영업/채널(SFA),SFP관리
572,SFA_SFP_LIST,SFP리스트,영업/채널(SFA),SFP관리
573,SFA_SFP_LIST_ALLCT,SFP리스트할당,영업/채널(SFA),SFP관리
574,SFA_SFP_LIST_GP,SFP리스트그룹,영업/채널(SFA),SFP관리
575,SFA_SFP_LIST_META,SFP리스트메타,영업/채널(SFA),SFP관리
576,SFA_SFP_ORGN_ACT_STS,SFP조직활동통계,영업/채널(SFA),SFP관리
577,SFA_SFP_SCHD,SFP일정,영업/채널(SFA),SFP관리
578,SFA_SFP_TASK,SFP태스크,영업/채널(SFA),SFP관리
579,SFA_SFP_XLCL_CALL,SFP우수콜,영업/채널(SFA),SFP관리
580,SFA_SMNR_INFO,세미나정보,영업/채널(SFA),SFA기타
581,SFA_SMRT_GN_ANAL_OUT_LOG,스마트보장분석출력로그,영업/채널(SFA),SFA기타
582,SFA_SP_STACT_CRR,SP표준활동이력,영업/채널(SFA),SFA기타
583,SFA_SP_STACT_CRR_STS,SP표준활동이력통계,영업/채널(SFA),SFA기타
584,SFA_TA_MENO,,영업/채널(SFA),SFA기타
585,SFA_THCP_CVR_GN_CND,담사담보보장조건,상품/담보,담보
586,SFA_VIS_TOU_TRGT_CTM,유량고객관리,영업/채널(SFA),방문활동
587,SFA_XLCL_CTM_ADM,유량고객리스트관리,영업/채널(SFA),우수고객관리
588,SFA_XLCL_CTM_UST_ADM,유수고객리스트관리,영업/채널(SFA),우수고객관리
589,SFA_XLCL_CTM_QTR_ADM,유량고객분기관리,영업/채널(SFA),우수고객관리
590,SFA_XLCL_CTM_VIS_TOU_ADM,유량방문고객관리,영업/채널(SFA),우수고객관리
591,SFA_XLCL_CTM_VIS_TOU_ADM,유량방문터치관리,영업/채널(SFA),우수고객관리
592,SYS_CODE,시스템관리서비스공통코드,공통/마스터,코드/마스터
593,T_CRM_SFA_BFDY_ORGN_STF_INFO,전일조직직원정보,영업/채널(SFA),SFA기타
594,T_CRM_SFA_ITIN_ADM_CTM,여정관리고객,영업/채널(SFA),여정관리
595,T_CRM_SFA_ITIN_ADM_SND_RQ_RSV,여정관리발송신청예약,영업/채널(SFA),여정관리
596,T_PUSH_USER_INFO,푸쉬서비스 유저,공통/마스터,시스템/웹
597,TB_CALC_AMT,CAR_자동설계_보험료산출테이블/계약_마스터_관리,공통/마스터,공통기타
598,TB_CALL_LOG,콜로그,공통/마스터,상담/콜이력
599,TB_CNSLT_DTHIST,상담이력,공통/마스터,상담/콜이력
600,TB_CNSLT_HIST,콜이력,공통/마스터,상담/콜이력
601,TB_CNSLT_TYPE,상담유형,공통/마스터,상담/콜이력
602,TB_CODEBOOK,DBM-정보관리(공통) 코드북,공통/마스터,코드/마스터
603,TB_COMMENT,CRS_고객관리_고객접촉이력,기타,-
604,TB_CONTACT,CRS_고객관리_고객접촉이력,고객,고객기본정보
605,TB_COOP,기관연계고객정보,고객,고객기본정보
606,TB_CTM_CRDIU_AGRE,CRS_고객관리_고객신용정보활동동의,고객,고객동의/정보관리
607,TB_CUSTOMER,CRS_고객관리_고마스터,고객,고객기본정보
608,TB_DHER_TA_RQ,하자자여신청,공통/마스터,공통기타
609,TB_EASYSAVE_CRINFO,이지세이브차량정보,공통/마스터,공통기타
610,TB_HW_GROUP,그룹사 직원정보,조직/인사,조직기타
611,TB_INFLOW,DBM-정보관리(공통) 정보유입마스터,공통/마스터,공통기타
612,TB_INFDAGREE,DBM-정보관리(공통) 정보동의,공통/마스터,공통기타
613,TB_ISPL_RELPC,가입설계관계자,상품/담보,상품기본
614,TB_LIST,CMP_캠페인관리(공통) 리스트,캠페인/CRM,공통캠페인리스트
615,TB_LIST_ALLCT_CRR,CMP_캠페인관리(공통) 리스트목록,캠페인/CRM,공통캠페인리스트
616,TB_LIST_GROUP,CMP_캠페인관리(공통) 리스트그룹,캠페인/CRM,공통캠페인리스트
617,TB_LIST_INS_CR,장기보험계약,계약/보험계약,일반계약
618,TB_LIST_GROUP,CMP_캠페인관리(공통) 리스트그룹,캠페인/CRM,공통캠페인리스트
619,TB_LNG_INS_CR,장기설계계약,계약/보험계약,일반계약
620,TB_LNG_INS_PL,장기설계계약,계약/보험계약,일반계약
621,TB_SCHEDULER,CRS_고객관리리 스케쥴러,공통/마스터,공통기타
622,TB_TASK,CMP_캠페인관리(공통) TASK,캠페인/CRM,공통캠페인리스트
623,TB_TGT_CR,대상계약,캠페인/CRM,공통캠페인리스트
624,TB_USERMAST_CMT,사용자마스터,공통/마스터,공통기타
625,TBS_VOC_CNTRCT_INFO,계약관련전자,상품/담보,상품기본
626,TBS_VOC_MASTER,VOC마스터,공통/마스터,VOC
627,TBS_VOC_MASTER_INFO,VOC담당직원,조직/인사,조직기타
628,TBS_VOC_PROCESS,VOC처리,공통/마스터,VOC
629,TB_CMS_CGI_CTM_LIST,CMS캐롯고객리스트,기타,-
630,U_CMS_POM_XCPT_CND,CMSPOM제외조건,캠페인/CRM,CRM기타
631,U_CRM_CGI_CR_INS_CR,캐롯자동차보험계약,계약/보험계약,일반계약
632,U_CRM_RTMS_SCV_APT_TRADE_DEV,아파트매매 실거래 상세 자료,공통/마스터,공통기타
633,U_FCR_NTPBZ_INSTM_XP_DMGRT,기업업무별종목별예상손해률,사고/손해(클레임),사고접수/조사
634,U_SAM_INS_CRNTC_CHR_SND_LIST,보험계약대출안내문자발송대상,계약/보험계약,일반계약
635,WB_BSU_EVENT_PT,업무지원URL이벤트참여,공통/마스터,시스템/웹
636,WB_CTM,고객,고객,고객기본정보
637,WB_LGIN_LOG,로그인로그,공통/마스터,시스템/웹
638,INS_HP_SMAMT_STM_RQ,휴대폰소액결제신청,자동차보험,자동차기타
639,COM_NTTLK_SND_CRR,알림톡발송이력,공통/마스터,공통관리
640,INS_LTRM_XCPT_DL_BJ,장기예외처리대상,기타,-
641,INS_CM_CN_CR_ATTF_RQ,당월 해지계약 자동이체 신청,기타,-
